{
  "project_info": {
    "project_number": "947972837625",
    "firebase_url": "https://organizze-aa2ce.firebaseio.com",
    "project_id": "organizze-aa2ce",
    "storage_bucket": "organizze-aa2ce.appspot.com"
  },
  "client": [
    {
      "client_info": {
        "mobilesdk_app_id": "1:947972837625:android:4e57396eab0ed96d",
        "android_client_info": {
          "package_name": "br.com.organizze"
        }
      },
      "oauth_client": [
        {
          "client_id": "947972837625-o774lii70g3jg3q77gesuj5ik9j9nca9.apps.googleusercontent.com",
          "client_type": 1,
          "android_info": {
            "package_name": "br.com.organizze",
            "certificate_hash": "f7abe9902fd92688c04f0e0fb6039779990f8257"
          }
        },
        {
          "client_id": "947972837625-j1mh4p8plpu4f63d2vo8pqr2j50f2mnd.apps.googleusercontent.com",
          "client_type": 3
        }
      ],
      "api_key": [
        {
          "current_key": "AIzaSyBqamLJZNJ_8UhWJVWNb_E_YALa5jTL1Jw"
        }
      ],
      "services": {
        "appinvite_service": {
          "other_platform_oauth_client": [
            {
              "client_id": "947972837625-j1mh4p8plpu4f63d2vo8pqr2j50f2mnd.apps.googleusercontent.com",
              "client_type": 3
            }
          ]
        }
      }
    }
  ],
  "configuration_version": "1"
}